statefips,statename,date,policy_description,covidstart,schools_first_closed,nonessential_biz_first_closed,stayathome_first_start,liftrestrictions,doubledown
1,Alabama,3/19/2020,Alabama public schools closed,,1,0,0,,
1,Alabama,3/28/2020,Alabama ordered closed all non-essential businesses,,0,1,0,,
1,Alabama,4/3/2020,Alabama issued stay at home order,,0,0,1,,
1,Alabama,4/30/2020,Alabama ended stay at home order statewide,,0,0,0,,
1,Alabama,5/1/2020,Alabama reopened select businesses statewide,,0,0,0,,
1,Alabama,7/1/2020,Alabama issued Emergency Order to suspend certain gatherings,,0,0,0,,
1,Alabama,7/16/2020,Alabama issued Emergency Order to suspend certain gatherings,,0,0,0,,
1,Alabama,5/31/2021,Alabama ended all COVID-19 business restrictions,,0,0,0,,
1,Alabama,6/19/2021,"Alabama ended emergency employment benefits: The FPUC supplement, PEUC program, PUA program, and MEUC program ended",,0,0,0,,
1,Alabama,7/6/2021,Alabama lifted state of emergency,,0,0,0,,
2,Alaska,3/11/2020,Alaska declared Public Health Disaster Emergency,,0,0,0,,
2,Alaska,3/16/2020,Alaska public schools closed,,1,0,0,,
2,Alaska,3/18/2020,Alaska ordered closed public dine-in service,,0,0,0,,
2,Alaska,3/28/2020,Alaska issued stay at home order and closed all non-essential businesses,,0,1,1,,
2,Alaska,4/15/2020,"Alaska issues ""non-congregate"" sheltering order",,0,0,0,,
2,Alaska,4/24/2020,Alaska ended stay at home order and reopened select businesses statewide,,0,0,0,,
2,Alaska,5/12/2020,Alaska prohibits travel off the road system,,0,0,0,,
2,Alaska,5/22/2020,Alaska reopens all businesses and majority of other locations,,0,0,0,,
2,Alaska,7/24/2020,"Anchorage, AK limits gatherings in high-risk locations",,0,0,0,,
2,Alaska,8/3/2020,"Anchorage, AK issued a ""Four Week Reset""",,0,0,0,,
2,Alaska,11/16/2020,Alaska declared second Public Health Disaster Emergency,,0,0,0,,
2,Alaska,11/16/2020,"Alaska issued 8 ""Outbreak Health Orders""",,0,0,0,,
2,Alaska,2/14/2021,Alaska ended Public Health Disaster Emergency declaration,,0,0,0,,
2,Alaska,6/12/2021,Alaska ended emergency employment benefits: The FPUC supplement ended,,0,0,0,,
4,Arizona,3/11/2020,Arizona declared a state of emergency,,0,0,0,,
4,Arizona,3/16/2020,Arizona public schools closed,,1,0,0,,
4,Arizona,3/31/2020,Arizona issued stay at home order,,0,0,1,,
4,Arizona,4/17/2020,Navajo Nation implemented a 57-hour weekend curfew,,0,0,0,,
4,Arizona,5/8/2020,Arizona reopened select businesses statewide,,0,0,0,,
4,Arizona,5/15/2020,Arizona ended stay at home order statewide,,0,0,0,,
4,Arizona,6/8/2020,Arizona issued a statewide curfew,,0,0,0,,
4,Arizona,6/29/2020,Arizona ordered reclosed select businesses statewide,,0,0,0,,
4,Arizona,8/10/2020,"Arizona released health benchmarks that, once met, allowed counties to reopen businesses closed on 6/29; also began allowing businesses to individually apply for reopening regardless of county",,0,0,0,,
4,Arizona,10/1/2020,"Arizona reopened all businesses statewide, with some restrictions ",,0,0,0,,
4,Arizona,3/3/2021,Arizona required schools to offer in-person learning,,0,0,0,,
4,Arizona,3/5/2021,Arizona lifted capacity restrictions for all businesses,,0,0,0,,
4,Arizona,3/25/2021,Arizona lifted restrictions on social gatherings,,0,0,0,,
4,Arizona,7/10/2021,Arizona ended emergency employment benefits: The FPUC supplement ended,,0,0,0,,
4,Arizona,9/29/2021,Arizona lifted occupancy limits and shifts mitigation requirements to recommendations,,0,0,0,,
4,Arizona,3/30/2022,Arizona ended Covid state of emergency,,0,0,0,,
5,Arkansas,3/11/2020,Arkansas declared COVID-19 state of emergency,,0,0,0,,
5,Arkansas,3/17/2020,Arkansas closed schools,,1,0,0,,
5,Arkansas,3/19/2020,Arkansas ordered closed indoor dining and select businesses,,0,0,0,,
5,Arkansas,3/30/2020,"Little Rock, AR ordered a nightly curfew",,0,0,0,,
5,Arkansas,4/6/2020,Arkansas required social distancing in select businesses and locations,,0,0,0,,
5,Arkansas,4/17/2020,"Little Rock, AR ended nightly curfew",,0,0,0,,
5,Arkansas,5/4/2020,Arkansas reopened select businesses statewide,,0,0,0,,
5,Arkansas,5/11/2020,Arkansas resumed indoor dining,,0,0,0,,
5,Arkansas,6/18/2020,Arkansas terminated first state of emergency,,0,0,0,,
5,Arkansas,6/29/2020,Arkansas paused further reopening of businesses,,0,0,0,,
5,Arkansas,8/17/2020,Arkansas renewed state of emergency and mandates social distancing,,0,0,0,,
5,Arkansas,9/9/2020,Arkansas limited indoor dining,,0,0,0,,
5,Arkansas,5/21/2021,Arkansas ended state of emergency and lifted all business restrictions,,0,0,0,,
5,Arkansas,6/26/2021,"Arkansas ended emergency employment benefits: The FPUC supplement, PEUC program, PUA program, and MEUC program ended",,0,0,0,,
6,California,3/4/2020,California issued a state of emergency,0,0,0,0,0,0
6,California,3/19/2020,California issued stay at home order and closed all non-essential businesses,0,0,1,1,0,0
6,California,3/19/2020,California public schools closed,0,1,0,0,0,0
6,California,5/8/2020,"California reopened select businesses on a regional basis (excluded Marin, San Francisco, San Mateo, Alameda, Contra Costa, and Santa Clara counties) ",0,0,0,0,0,0
6,California,5/22/2020,California reopened select businesses statewide,0,0,0,0,0,0
6,California,6/28/2020,"California ordered reclosed select businesses on a regional basis (Fresno, Kern, Kings, Los Angeles, San Joaquin, and Tulare counties)",0,0,0,0,0,0
6,California,7/13/2020,California prohibited all indoor operations,0,0,0,0,0,0
6,California,8/31/2020,California entered a new reopening system wherein each county was placed into a specified reopening tier with health metrics used to determine movement to more- or less-restrictive tiers,0,0,0,0,0,0
6,California,11/17/2020,California paused all reopenings and began moving counties back to the most restrictive tier,0,0,0,0,0,1
6,California,12/5/2020,California issued a regional plan wherein multi-county regions are subject to nonessential business closures and stay at home orders,0,0,0,0,0,0
6,California,1/25/2021,California ended regional stay at home orders and returned to previous county-based reopening plan,0,0,0,0,0,0
6,California,6/15/2021,California ended all restrictions on businesses and gatherings,0,0,0,0,1,0
6,California,10/1/2021,California announced Covid vaccine requirements for schools,0,0,0,0,0,0
6,California,3/31/2022,California extended eviction ban for some renters,0,0,0,0,0,0
8,Colorado,3/12/2020,Colorado restricted visitation of non-essential individuals to care and living facilities ,,0,0,0,,
8,Colorado,3/22/2020,Colorado directed non-critical employers to reduce in-person workforce by 50%,,0,0,0,,
8,Colorado,3/23/2020,Colorado public schools closed,,1,0,0,,
8,Colorado,3/24/2020,"Denver, CO began stay at home order",,0,0,0,,
8,Colorado,3/26/2020,Colorado issued stay at home order and ordered closed all non-essential businesses,,0,1,1,,
8,Colorado,4/26/2020,"Colorado ended stay at home order on a regional basis (excluded Adams, Arapahoe, Boulder, Broomfield, Denver, Jefferson, Pitkin, and San Miguel counties)",,0,0,0,,
8,Colorado,5/1/2020,"Colorado reopened select businesses on a regional basis (excluded Adams, Arapahoe, Boulder, Broomfield, Denver, Jefferson, Pitkin, and San Miguel counties)",,0,0,0,,
8,Colorado,5/9/2020,Colorado ended stay at home order and reopened select businesses statewide,,0,0,0,,
8,Colorado,7/2/2020,Colorado ordered reclosed select businesses statewide,,0,0,0,,
8,Colorado,9/15/2020,Colorado introduced a new system for business reopenings wherein counties could request new reopening designations beginning 9/29 ,,0,0,0,,
8,Colorado,4/16/2021,Colorado reverted decisions on COVID-19 restrictions to county public health agencies,,0,0,0,,
8,Colorado,6/1/2021,Colorado removed capacity restrictions on all indoor events,,0,0,0,,
8,Colorado,7/8/2021,Colorado lifted state of emergency,,0,0,0,,
9,Connecticut,3/17/2020,Connecticut public schools closed,,1,0,0,,
9,Connecticut,3/23/2020,Connecticut issued stay at home advisory and closed all non-essential businesses,,0,1,1,,
9,Connecticut,5/20/2020,"Connecticut entered Phase 1 of Reopening Plan, ending stay at home order and reopening select businesses statewide",,0,0,0,,
9,Connecticut,6/17/2020,Connecticut entered Phase 2 of Reopening Plan,,0,0,0,,
9,Connecticut,9/1/2020,Connecticut delegated quarantine decisions to municipalities and districts,,0,0,0,,
9,Connecticut,10/8/2020,connecticut entered Phase 3 of Reopening Plan,,0,0,0,,
9,Connecticut,11/6/2020,"Connecticut rolled back to Phase 2, tightening capacity restrictions on businesses",,0,0,0,,
9,Connecticut,3/19/2021,Connecticut lifted capacity restrictions on restaurants and select indoor recreation,,0,0,0,,
10,Delaware,3/12/2020,Delaware declared state of emergency,,0,0,0,,
10,Delaware,3/16/2020,Delaware public schools closed,,1,0,0,,
10,Delaware,3/24/2020,Delaware issued stay at home order and ordered closed all non-essential businesses,,0,1,1,,
10,Delaware,4/1/2020,Delaware loosened limits on outdoor gatherings,,0,0,0,,
10,Delaware,4/3/2020,Delaware limited public gatherings to 10 people,,0,0,0,,
10,Delaware,5/31/2020,Delaware ended stay at home order statewide,,0,0,0,,
10,Delaware,6/1/2020,"Delaware entered Phase 1 of reopening plan, reopening select businesses statewide",,0,0,0,,
10,Delaware,6/15/2020,Delaware entered Phase 2 of reopening plan,,0,0,0,,
10,Delaware,11/17/2020,Delaware mandated additional restrictions on social gatherings,,0,0,0,,
10,Delaware,12/14/2020,Delaware issued a stay at home advisory and tightened capacity restrictions on businesses,,0,0,0,,
10,Delaware,2/12/2021,Delaware loosened capacity restrictions that had been instituted on 12/14/20,,0,0,0,,
10,Delaware,5/21/2021,"Delaware removed all capacity restrictions for restaurants, retail, other business establishments and houses of worship",,0,0,0,,
10,Delaware,7/12/2021,Delaware lifted state of emergency,,0,0,0,,
11,District of Columbia,3/11/2020,DC declared a state of emergency,,0,0,0,,
11,District of Columbia,3/13/2020,"DC banned ""mass gatherings"" of 250+ people",,0,0,0,,
11,District of Columbia,3/16/2020,DC prohibited social gatherings of more than 50 people,,0,0,0,,
11,District of Columbia,3/16/2020,DC public schools closed,,1,0,0,,
11,District of Columbia,3/25/2020,DC closed all non-essential businesses,,0,1,0,,
11,District of Columbia,4/1/2020,DC issued stay at home order,,0,0,1,,
11,District of Columbia,4/9/2020,DC issued social distancing requirements at retail food stores,,0,0,0,,
11,District of Columbia,5/29/2020,"DC entered Phase One of reopening, ended stay at home order, and reopened select businesses statewide",,0,0,0,,
11,District of Columbia,6/22/2020,DC entered Phase Two of reopening,,0,0,0,,
11,District of Columbia,11/23/2020,DC issued greater restrictions to Phase Two reopening plans,,0,0,0,,
11,District of Columbia,1/22/2021,DC reopened select businesses,,0,0,0,,
11,District of Columbia,3/22/2021,DC eased capacity restrictions for restaurants and outdoor gatherings,,0,0,0,,
11,District of Columbia,5/1/2021,"DC eased capacity restrictions for theaters, retail, pools",,0,0,0,,
11,District of Columbia,5/21/2021,"DC eased capacity restrictions on most indoor activities including restaurants, schools and offices",,0,0,0,,
11,District of Columbia,6/11/2021,"DC removed capacity restrictions on bars, nightclubs and entertainment venues",,0,0,0,,
12,Florida,3/1/2020,Florida declared a public health emergency,0,0,0,0,0,0
12,Florida,3/15/2020,"Florida closed bars and nightclubs, and restricted restaurant capacity",0,0,0,0,0,0
12,Florida,3/16/2020,Florida public schools closed,0,1,0,0,0,0
12,Florida,3/19/2020,"Miami-Dade County declared local state emergency, closing all non-essential businesses",0,0,0,0,0,0
12,Florida,3/30/2020,Florida closes non-essential businesses in select counties,0,0,0,0,0,0
12,Florida,4/3/2020,Florida issued stay at home order,0,0,0,1,0,0
12,Florida,5/4/2020,"Florida entered Phase One of reopening plan, and ended stay at home order on a regional basis (excluded Miami-Dade, Broward, and Palm Beach counties) and reopened select businesses",0,0,0,0,0,0
12,Florida,5/18/2020,Florida ended stay at home order statewide,0,0,0,0,0,0
12,Florida,6/5/2020,"Florida began Phase Two of reopening plan (excluded Miami-Dade, Broward, and Palm Beach counties)",0,0,0,0,0,0
12,Florida,6/26/2020,Florida ordered reclosed select businesses statewide,0,0,0,0,0,0
12,Florida,7/3/2020,Miami-Dade County ordered closed all beaches and canceled parades and fireworks for July 4th weekend,0,0,0,0,0,0
12,Florida,7/7/2020,Miami-Dade County ordered reclosed select businesses,0,0,0,0,0,0
12,Florida,9/14/2020,Florida Phase Two of reopening plan in effect statewide,0,0,0,0,0,0
12,Florida,9/14/2020,Florida reopened select businesses statewide,0,0,0,0,0,0
12,Florida,5/3/2021,Florida suspended all local emergency orders,0,0,0,0,1,0
12,Florida,6/26/2021,"Florida ended emergency employment benefits: The FPUC supplement ended, lifted state of emergency",0,0,0,0,0,0
13,Georgia,3/18/2020,Georgia public schools closed,,1,0,0,,
13,Georgia,3/25/2020,Atlanta issued stay at home order,,0,0,0,,
13,Georgia,4/3/2020,Georgia issued stay at home order,,0,0,1,,
13,Georgia,4/27/2020,Georgia reopened select businesses statewide,,0,0,0,,
13,Georgia,4/30/2020,Georgia ended stay at home order statewide,,0,0,0,,
13,Georgia,5/1/2020,Georgia ordered social distancing and prohibited certain gatherings,,0,0,0,,
13,Georgia,5/11/2020,Georgia permitted select businesses to reopen,,0,0,0,,
13,Georgia,1/14/2021,Atlanta declared emergency within City of Atlanta,,0,0,0,,
13,Georgia,5/31/2021,Georgia lifted restrictions on most businesses,,0,0,0,,
13,Georgia,6/26/2021,"Georgia ended emergency employment benefits: The FPUC supplement, PEUC program, PUA program, and MEUC program ended",,0,0,0,,
13,Georgia,7/1/2021,Georgia lifted State of emergency,,0,0,0,,
13,Georgia,8/20/2021,Georgia allowed business to ignore local regulations,,0,0,0,,
13,Georgia,5/2/2022,Georgia allowed enhanced P-SNAP benefits to expire,,0,0,0,,
15,Hawaii,3/16/2020,Hawaii public schools closed,,1,0,0,,
15,Hawaii,3/22/2020,Honolulu issued stay at home order for city and county of Honolulu,,0,0,0,,
15,Hawaii,3/25/2020,Hawaii issued stay at home order and ordered closed all non-essential businesses,,0,1,1,,
15,Hawaii,4/16/2020,Hawaii increases social distancing requirements and closes select locations,,0,0,0,,
15,Hawaii,4/30/2020,Oahu reopens a handful of businesses,,0,0,0,,
15,Hawaii,5/7/2020,Hawaii reopened select businesses on a regional basis (excluded Oahu and Maui counties),,0,0,0,,
15,Hawaii,5/15/2020,Hawaii reopened select businesses statewide,,0,0,0,,
15,Hawaii,5/31/2020,Hawaii ended stay at home order statewide,,0,0,0,,
15,Hawaii,6/8/2020,Honolulu city and county prohibited outdoor events with 100+ people and indoor events with 50+ people,,0,0,0,,
15,Hawaii,8/8/2020,Hawaii reclosed select businesses in Honolulu and Oahu counties,,0,0,0,,
15,Hawaii,10/22/2020,Hawaii reopened select businesses that had been closed on Aug. 8 (Honolulu and Oahu counties),,0,0,0,,
15,Hawaii,2/25/2021,"Hawaii loosened restrictions to Stage 3 on Oahu, fully reopening select businesses",,0,0,0,,
15,Hawaii,8/10/2021,Hawaii reduced gathering sizes and indoor capacity for businesses,,0,0,0,,
16,Idaho,3/23/2020,Idaho public schools closed,,1,0,0,,
16,Idaho,3/26/2020,Idaho issued stay at home order and closed all non-essential businesses,,0,1,1,,
16,Idaho,4/30/2020,Idaho entered Stage 1 of reopening plan and ended stay at home order statewide,,0,0,0,,
16,Idaho,5/1/2020,Idaho reopened select businesses statewide,,0,0,0,,
16,Idaho,5/20/2020,Idaho entered Stage 2 of reopening plan,,0,0,0,,
16,Idaho,5/30/2020,Idaho entered Stage 3 of reopening plan,,0,0,0,,
16,Idaho,6/13/2020,Idaho entered Stage 4 of reopening plan,,0,0,0,,
16,Idaho,6/25/2020,Idaho reclosed select businesses on a regional basis in Ada county,,0,0,0,,
16,Idaho,10/26/2020,Idaho ordered reclosed select businesses statewide,,0,0,0,,
16,Idaho,2/2/2021,Idaho re-entered Stage 3 with loosened capacity restrictions,,0,0,0,,
16,Idaho,5/11/2021,Idaho re-entered Stage 4 with few business restrictions,,0,0,0,,
16,Idaho,6/19/2021,"Idaho ended emergency employment benefits: The FPUC supplement, PEUC program, and PUA program ended",,0,0,0,,
16,Idaho,4/15/2022,Idaho ended health disaster emergency,,0,0,0,,
17,Illinois,3/9/2020,Illinois declared a state of emergency,,0,0,0,,
17,Illinois,3/16/2020,Illinois ordered closed all in-person dining,,0,0,0,,
17,Illinois,3/17/2020,Illinois public schools closed,,1,0,0,,
17,Illinois,3/21/2020,Illinois issued stay at home order and closed all non-essential businesses,,0,1,1,,
17,Illinois,5/29/2020,Illinois reopened select businesses on a regional basis (excluded Chicago),,0,0,0,,
17,Illinois,5/29/2020,Illinois ended stay at home order statewide,,0,0,0,,
17,Illinois,6/3/2020,Illinois reopened select businesses statewide,,0,0,0,,
17,Illinois,7/15/2020,Illinois divided into 11 regions which would be individually subject to stricter gathering limits and business closures based on local health metrics,,0,0,0,,
17,Illinois,11/16/2020,Chicago implemented a stay at home advisory,,0,0,0,,
17,Illinois,1/18/2021,"Illinois returned to regional reopening plan after 11/20 closure, loosening health metrics needed to reopen businesses",,0,0,0,,
17,Illinois,5/14/2021,Illinois entered the bridge phase of the Restore Illinois reopening plan and loosened business restrictions,,0,0,0,,
17,Illinois,6/11/2021,Illinois removed all remaining capacity limits and business restrictions,,0,0,0,,
18,Indiana,3/6/2020,Indiana declared a public health emergency,,0,0,0,,
18,Indiana,3/16/2020,Indiana ordered closed all indoor dining locations,,0,0,0,,
18,Indiana,3/19/2020,Indiana public schools closed,,1,0,0,,
18,Indiana,3/24/2020,Indiana issued stay at home order and closed all non-essential businesses,,0,1,1,,
18,Indiana,5/4/2020,"Indiana ended stay at home order on a regional basis (excluded Cass, Lake, and Marion counties) and reopened select businesses",,0,0,0,,
18,Indiana,5/18/2020,Indiana ended stay at home order statewide,,0,0,0,,
18,Indiana,10/20/2020,Indiana provided county-based measured and restrictions,,0,0,0,,
18,Indiana,4/6/2021,Indiana ended all COVID-19 business restrictions,,0,0,0,,
18,Indiana,6/19/2021,"Indiana originally ended emergency employment benefits prior to court order to resume payments: The FPUC supplement, PEUC program, PUA program, and MEUC program ended",,0,0,0,,
18,Indiana,3/3/2022,Indiana ended public health emergency,,0,0,0,,
19,Iowa,3/15/2020,Iowa public schools closed,,1,0,0,,
19,Iowa,3/17/2020,Iowa declared state of public health disaster and closed all non-essential businesses,,0,1,0,,
19,Iowa,4/27/2020,Iowa loosen social distancing measures in majority of counties,,0,0,0,,
19,Iowa,5/1/2020,"Iowa reopened select businesses on a regional basis (excluded Woodbury, Allamakee, Fayett, Bremer, Black Hawk, Dubuque, Marshall, Tama, Benton, Linn, Dallas, Polk, Jasper, Poweshiek, Iowa, Johnson, Muscatine, Scott, Washington, Louisa, Henry, and Des Moines counties)",,0,0,0,,
19,Iowa,5/8/2020,Iowa reopened select businesses statewide,,0,0,0,,
19,Iowa,8/27/2020,"Iowa ordered reclosed select businesses on a regional basis (Polk, Linn, Johnson, Story, Dallas, and Black Hawk counties)",,0,0,0,,
19,Iowa,9/16/2020,"Iowa reopened select businesses on a regional basis (Polk, Linn, Dallas, and Black Hawk counties)",,0,0,0,,
19,Iowa,10/5/2020,Iowa reopened select businesses on a regional basis (Johnson and Story counties),,0,0,0,,
19,Iowa,11/17/2020,Iowa added further restrictions in specific situations,,0,0,0,,
19,Iowa,2/8/2021,Iowa lifted social distancing,,0,0,0,,
19,Iowa,6/12/2021,"Iowa ended emergency employment benefits: The FPUC supplement, PEUC program, PUA program, and MEUC program ended",,0,0,0,,
19,Iowa,2/15/2022,Iowa ended public health emergency,,0,0,0,,
19,Iowa,4/1/2022,Iowa reduced SNAP benefits to pre-pandemic levels,,0,0,0,,
20,Kansas,3/16/2020,Kansas banned all gatherings of 50+ people,,0,0,0,,
20,Kansas,3/18/2020,Kansas public schools closed,,1,0,0,,
20,Kansas,3/30/2020,Kansas issued state-wide stay at home order,,0,0,1,,
20,Kansas,4/7/2020,Kansas prohibited all gatherings of more than 10 people,,0,0,0,,
20,Kansas,5/3/2020,Kansas ended stay at home order on a regional basis (excluded Kansas City and Johnson and Wyandotte counties),,0,0,0,,
20,Kansas,5/4/2020,Kansas entered Phase One of reopening plan and reopened select businesses on a regional basis (excluded Johnson and Wyandotte counties),,0,0,0,,
20,Kansas,5/10/2020,Johnson County and Wyandotte County ended stay at home orders,,0,0,0,,
20,Kansas,5/11/2020,Kansas reopened select businesses statewide,,0,0,0,,
20,Kansas,5/22/2020,Kansas ended stay at home order statewide and entered Phase 2 of reopening plan,,0,0,0,,
20,Kansas,8/18/2020,Kansas began eviction moratorium,,0,0,0,,
20,Kansas,4/12/2021,Kansas provided in-person learning option for all students K-12,,0,0,0,,
20,Kansas,6/15/2021,Kansas lifted state of emergency,,0,0,0,,
20,Kansas,1/6/2022,Kansas issued new state of emergency,,0,0,0,,
20,Kansas,4/1/2022,Kansas transitioned to covid-19 enedimic response,,0,0,0,,
21,Kentucky,3/16/2020,Kentucky public schools closed,,1,0,0,,
21,Kentucky,3/26/2020,Kentucky issued stay at home advisory and closed all non-essential businesses,,0,1,1,,
21,Kentucky,4/9/2020,Kentucky limited one adult per household in any given life-sustaining business,,0,0,0,,
21,Kentucky,5/11/2020,Kentucky ended stay at home order and reopened select businesses on a regional basis,,0,0,0,,
21,Kentucky,6/29/2020,Kentucky expanded social gathering capacity limits to 50 people,,0,0,0,,
21,Kentucky,7/28/2020,Kentucky ordered reclosed select businesses statewide,,0,0,0,,
21,Kentucky,8/11/2020,Kentucky reopened select businesses at reduced capacity,,0,0,0,,
21,Kentucky,11/20/2020,Kentucky ordered closed select businesses for 3 weeks,,0,0,0,,
21,Kentucky,12/13/2020,Kentucky reopened select businesses,,0,0,0,,
21,Kentucky,5/28/2021,Kentucky loosened capacity restrictions on most businesses,,0,0,0,,
21,Kentucky,6/11/2021,Kentucky ended all capacity restrictions,,0,0,0,,
22,Louisiana,3/11/2020,Louisiana declared a public health emergency,,0,0,0,,
22,Louisiana,3/13/2020,Louisiana banned gatherings of more than 250 people with select exemptions,,0,0,0,,
22,Louisiana,3/16/2020,Louisiana public schools closed,,1,0,0,,
22,Louisiana,3/20/2020,New Orleans issued a stay at home mandate,,0,0,0,,
22,Louisiana,3/22/2020,Louisiana ordered closed all non-essential businesses,,0,1,0,,
22,Louisiana,3/23/2020,Louisiana issued stay at home order,,0,0,1,,
22,Louisiana,5/16/2020,Louisiana ended stay at home order and reopened select businesses statewide,,0,0,0,,
22,Louisiana,7/13/2020,Louisiana ordered reclosed select businesses statewide,,0,0,0,,
22,Louisiana,9/11/2020,Louisiana allowed reopening of select businesses at increased capacity,,0,0,0,,
22,Louisiana,11/25/2020,Louisiana reverted to Phase 2 capacity restrictions,,0,0,0,,
22,Louisiana,3/3/2021,Louisiana progressed to Phase 3 and reopened select businesses and lifted capacity restrictions on religious services,,0,0,0,,
22,Louisiana,5/25/2021,Louisiana ended nearly all business restrictions,,0,0,0,,
22,Louisiana,7/31/2021,Louisiana ended emergency employment benefits: The FPUC supplement ended,,0,0,0,,
22,Louisiana,3/16/2022,Louisiana allowed COVID-19 state of emergency to expire,,0,0,0,,
23,Maine,3/15/2020,Maine proclaimed a state of emergency,,0,0,0,,
23,Maine,3/18/2020,Maine ordered closed indoor dining and banned gatherings of more than 10 people,,0,0,0,,
23,Maine,3/25/2020,Maine ordered closed all non-essential businesses,,0,1,0,,
23,Maine,3/31/2020,Maine public schools closed,,1,0,0,,
23,Maine,4/2/2020,Maine issued stay at home order,,0,0,1,,
23,Maine,5/1/2020,Maine reopened select businesses statewide,,0,0,0,,
23,Maine,6/1/2020,Maine entered Phase 2 of reopening plan and ended stay at home order statewide,,0,0,0,,
23,Maine,7/1/2020,Maine entered Phase 3 of reopening plan and reopened select businesses,,0,0,0,,
23,Maine,10/13/2020,Maine entered Phase 4 of reopening plan and increased maximum capacity limit for businesses,,0,0,0,,
23,Maine,11/4/2020,Maine tightened capacity restrictions on select businesses,,0,0,0,,
23,Maine,4/5/2021,Maine reduced capacity restrictions on select businesses,,0,0,0,,
23,Maine,5/24/2021,Maine ended all capacity restrictions,,0,0,0,,
23,Maine,6/30/2021,Maine lifted state of emergency,,0,0,0,,
24,Maryland,3/5/2020,Maryland declared a state of emergency,,0,0,0,,
24,Maryland,3/16/2020,Maryland ordered closed many non-essential businesses and limited social gathering size to 50 people,,0,0,0,,
24,Maryland,3/16/2020,Maryland public schools closed,,1,0,0,,
24,Maryland,3/19/2020,Maryland ordered closed select non-essential businesses and limited social gatherings to 10 people,,0,0,0,,
24,Maryland,3/23/2020,Maryland ordered closed all non-essential businesses,,0,1,0,,
24,Maryland,3/30/2020,Maryland issued stay at home order,,0,0,1,,
24,Maryland,5/15/2020,"Maryland entered Stage One of reopen plan and ended stay at home order on a regional basis (excluded Anne Arundel, Baltimore City, Baltimore, Charles, Montgomery, Prince George's and Frederick counties) and reopened select businesses",,0,0,0,,
24,Maryland,6/1/2020,Maryland ended stay at home order statewide,,0,0,0,,
24,Maryland,6/5/2020,"Maryland entered Stage Two of reopen plan and reopened many nonessential businesses on a regional basis (excluded Montgomery, Prince George's Counties)",,0,0,0,,
24,Maryland,6/12/2020,Maryland reopened indoor restaurants at limited capacity,,0,0,0,,
24,Maryland,6/19/2020,Maryland reopened select businesses at 50% capacity,,0,0,0,,
24,Maryland,6/19/2020,Maryland was in Stage Two of reopen plan statewide,,0,0,0,,
24,Maryland,7/24/2020,Maryland ordered reclosed select businesses on a regional basis (Baltimore City),,0,0,0,,
24,Maryland,8/7/2020,Maryland reopened select businesses on a regional basis (Baltimore City),,0,0,0,,
24,Maryland,9/4/2020,Maryland entered Stage Three of reopen plan,,0,0,0,,
24,Maryland,9/21/2020,Maryland further loosened restrictions on gatherings and businesses,,0,0,0,,
24,Maryland,11/11/2020,Maryland mandated return to remote working for nonessential workers statewide and tightened indoor dining restrictions,,0,0,0,,
24,Maryland,12/11/2020,Maryland ordered reclosed select businesses on a regional basis (Baltimore City),,0,0,0,,
24,Maryland,1/22/2021,Maryland reopened select businesses on a regional basis (Baltimore City),,0,0,0,,
24,Maryland,3/12/2021,Maryland lifted capacity restrictions on select businesses statewide,,0,0,0,,
24,Maryland,6/1/2021,Maryland lifted state of emergency,,0,0,0,,
24,Maryland,7/3/2021,"Maryland originally ended emergency employment benefits prior to court order to resume payments: The FPUC supplement, PEUC program, PUA program, and MEUC program ended",,0,0,0,,
24,Maryland,1/4/2022,Maryland instituted a 30- day state of emergency,,0,0,0,,
24,Maryland,2/3/2022,Maryland ended state of emergency,,0,0,0,,
25,Massachusetts,3/10/2020,Massachusetts declared a state of emergency,,0,0,0,,
25,Massachusetts,3/16/2020,Massachusetts limited gatherings to 25 people and closed indoor dining,,0,0,0,,
25,Massachusetts,3/17/2020,Massachusetts public schools closed,,1,0,0,,
25,Massachusetts,3/18/2020,Massachusetts ordered closed child care programs,,0,0,0,,
25,Massachusetts,3/24/2020,Massachusetts issued stay at home advisory and closed all non-essential businesses,,0,1,1,,
25,Massachusetts,5/18/2020,Massachusetts entered Phase I of reopen plan and ended stay at home order and reopened select businesses statewide,,0,0,0,,
25,Massachusetts,6/1/2020,Massachusetts entered Phase II of reopen plan and reopened select businesses,,0,0,0,,
25,Massachusetts,6/22/2020,Massachusetts reopened indoor dining,,0,0,0,,
25,Massachusetts,7/10/2020,Massachusetts reapplied capacity limitations for grocery stores and pharmacies ,,0,0,0,,
25,Massachusetts,7/13/2020,Massachusetts entered Phase III of reopen plan,,0,0,0,,
25,Massachusetts,11/6/2020,Massachusetts issued a stay at home advisory,,0,0,0,,
25,Massachusetts,12/13/2020,Massachusetts ordered reclosed select businesses statewide,,0,0,0,,
25,Massachusetts,12/16/2020,Massachusetts ordered reclosed select businesses on a regional basis (Boston),,0,0,0,,
25,Massachusetts,12/26/2020,Massachusetts limited gathering size and business capacity,,0,0,0,,
25,Massachusetts,1/25/2021,Massachusetts lifted stay at home advisory,,0,0,0,,
25,Massachusetts,2/1/2021,Massachusetts reopened select businesses on a regional basis (Boston),,0,0,0,,
25,Massachusetts,3/1/2021,Massachusetts reopened select businesses statewide,,0,0,0,,
25,Massachusetts,3/22/2021,Massachusetts entered Phase IV of reopen plan,,0,0,0,,
25,Massachusetts,5/29/2021,Massachusetts ended all capacity restrictions,,0,0,0,,
25,Massachusetts,6/15/2021,Massachusetts lifted state of emergency,,0,0,0,,
25,Massachusetts,10/1/2021,Massachusetts increased SNAP benefits,,0,0,0,,
26,Michigan,3/16/2020,Michigan ordered closed all in-person dining and other select businesses,,0,0,0,,
26,Michigan,3/16/2020,Michigan public schools closed,,1,0,0,,
26,Michigan,3/23/2020,Michigan ordered closed all non-essential businesses,,0,1,0,,
26,Michigan,3/24/2020,Michigan issued stay at home order,,0,0,1,,
26,Michigan,5/11/2020,Michigan reopened select businesses statewide,,0,0,0,,
26,Michigan,6/1/2020,Michigan ended stay at home order statewide,,0,0,0,,
26,Michigan,6/4/2020,Michigan reopened retail stores,,0,0,0,,
26,Michigan,6/8/2020,Michigan reopened restaurants,,0,0,0,,
26,Michigan,7/1/2020,"Michigan ordered reclosed select businesses on a regional basis (excluded Alger, Baraga, Chippewa, Delta, Dickinson, Gogebic, Houghton, Iron, Keweenaw, Luce, Mackinac, Marquette, Menominee, Ontonagon, Schoolcraft, Antrim, Alpena, Benzie, Charlevoix, Cheboygan, Crawford, Emmet, Grand Traverse, Kalkaska, Leelanau, Manistee, Missaukee, Montmorency, Otsego, Presque Isle, Roscommon, and Wexford counties) ",,0,0,0,,
26,Michigan,7/31/2020,Michigan ordered reclosed select businesses statewide,,0,0,0,,
26,Michigan,8/3/2020,Michigan required employees to work remotely if possible,,0,0,0,,
26,Michigan,10/9/2020,Michigan reopened select businesses statewide,,0,0,0,,
26,Michigan,10/12/2020,Michigan ended state of emergency,,0,0,0,,
26,Michigan,11/18/2020,Michigan ordered reclosed select businesses statewide,,0,0,0,,
26,Michigan,12/21/2020,Michigan reopened select businesses statewide,,0,0,0,,
26,Michigan,1/25/2021,Michigan reinstated restrictions on gatherings,,0,0,0,,
26,Michigan,2/1/2021,Michigan reopened additional select businesses that were closed on 11/18/20,,0,0,0,,
26,Michigan,4/1/2021,Michigan allocated payments for grocery assistance,,0,0,0,,
26,Michigan,6/1/2021,Michigan lifted business capacity restrictions statewide,,0,0,0,,
27,Minnesota,3/16/2020,Minnesota ordered closed select businesses,,0,0,0,,
27,Minnesota,3/16/2020,Minnesota public schools closed,,1,0,0,,
27,Minnesota,3/27/2020,Minnesota issued stay at home order,,0,0,1,,
27,Minnesota,4/27/2020,Minnesota reopened select businesses statewide,,0,0,0,,
27,Minnesota,5/17/2020,Minnesota ended stay at home order statewide,,0,0,0,,
27,Minnesota,8/27/2020,Minnesota allowed higher education to offer in-person classes,,0,0,0,,
27,Minnesota,11/20/2020,Minnesota ordered reclosed select businesses statewide,,0,0,0,,
27,Minnesota,12/18/2020,Minnesota reopened select businesses closed on 11/20,,0,0,0,,
27,Minnesota,1/11/2021,Minnesota reopened additional select businesses closed on 11/20 ,,0,0,0,,
27,Minnesota,3/8/2021,Minnesota schools offered in-person education in 90% of districts,,0,0,0,,
27,Minnesota,5/7/2021,Minnesota ended outdoor capacity restrictions,,0,0,0,,
27,Minnesota,5/28/2021,Minnesota ended most business restrictions,,0,0,0,,
27,Minnesota,7/1/2021,Minnesota lifted state of emergency ,,0,0,0,,
28,Mississippi,3/16/2020,Mississippi public schools closed,,1,0,0,,
28,Mississippi,4/3/2020,Mississippi issued stay at home order and closed all non-essential businesses,,0,1,1,,
28,Mississippi,4/27/2020,Mississippi downgraded stay at home order to advisory and reopened select businesses statewide,,0,0,0,,
28,Mississippi,3/3/2021,Mississippi lifted all public health restrictions on businesses,,0,0,0,,
28,Mississippi,6/12/2021,"Mississippi ends emergency employment benefits: The FPUC supplement, PEUC program, PUA program, and MEUC program ended",,0,0,0,,
28,Mississippi,11/20/2021,Mississippi allowed state of emergency to end,,0,0,0,,
29,Missouri,3/20/2020,Missouri public schools closed,,1,0,0,,
29,Missouri,3/21/2020,Missouri prohibited gatherings >10 people and closed indoor dining,,0,0,0,,
29,Missouri,3/23/2020,St. Louis county issued shelter at home orders,,0,0,0,,
29,Missouri,4/6/2020,Missouri issued stay at home order,,0,0,1,,
29,Missouri,5/3/2020,Missouri ended stay at home order on a regional basis (excluded St. Louis city and county),,0,0,0,,
29,Missouri,5/4/2020,Missouri reopened select businesses statewide,,0,0,0,,
29,Missouri,5/18/2020,Missouri ended stay at home order statewide,,0,0,0,,
29,Missouri,6/17/2020,Missouri entered Phase 2 of reopen plan,,0,0,0,,
29,Missouri,10/5/2020,Missouri limited gathering size and business occupancy,,0,0,0,,
29,Missouri,6/12/2021,"Missouri ends emergency employment benefits: The FPUC supplement, PEUC program, PUA program, and MEUC program ended",,0,0,0,,
29,Missouri,12/31/2021,Missouri allowed state of emergency to expire,,0,0,0,,
29,Missouri,3/30/2022,Missouri announced covid will be treated as endemic,,0,0,0,,
30,Montana,3/16/2020,Montana public schools closed,,1,0,0,,
30,Montana,3/26/2020,Montana ordered closed all non-essential businesses,,0,1,0,,
30,Montana,3/28/2020,Montana issued stay at home order,,0,0,1,,
30,Montana,4/26/2020,Montana ended stay at home order statewide,,0,0,0,,
30,Montana,4/27/2020,Montana reopened select businesses on a regional basis (excluded Missoula county) in Phase One,,0,0,0,,
30,Montana,5/15/2020,Montana reopened select businesses statewide in expanded Phase One,,0,0,0,,
30,Montana,6/1/2020,"Montana lifted travel quarantine, allows 50+ person gatherings, and increases capacity limits of select businesses in Phase Two",,0,0,0,,
30,Montana,1/13/2021,Montana declared a new state of emergency,,0,0,0,,
30,Montana,1/15/2021,Montana ended business curfews and capacity restrictions,,0,0,0,,
30,Montana,6/27/2021,"Montana ended emergency employment benefits: The FPUC supplement, PEUC program, PUA program, and MEUC program ended",,0,0,0,,
30,Montana,6/30/2021,Montana ended state of emergency,,0,0,0,,
31,Nebraska,3/13/2020,Nebraska declared a state of emergency,,0,0,0,,
31,Nebraska,3/26/2020,Nebraska mandated at-home quarantining for any person testing positive for COVID-19 or exhibiting symptoms,,0,0,0,,
31,Nebraska,4/5/2020,Nebraska ceased all in-person instruction for elementary and secondary schools,,0,0,0,,
31,Nebraska,4/10/2020,"Nebraska closed select businesses in the sports, beauty, end entertainment industries",,0,0,0,,
31,Nebraska,4/26/2020,Nebraska relaxed restrictions on select businesses,,0,0,0,,
31,Nebraska,5/4/2020,Nebraska reopened select businesses on a regional basis (included 59 of 93 counties) ,,0,0,0,,
31,Nebraska,6/1/2020,Nebraska reopened select businesses statewide,,0,0,0,,
31,Nebraska,6/16/2020,Nebraska further lifted restrictions on businesses,,0,0,0,,
31,Nebraska,9/14/2020,Nebraska opened outdoor restrictions to 100% capacity and indoor restrictions to 75% capacity,,0,0,0,,
31,Nebraska,1/30/2021,Nebraska lifted all business restrictions,,0,0,0,,
31,Nebraska,6/19/2021,"Nebraska ended emergency employment benefits: The FPUC supplement, PEUC program, PUA program, and MEUC program ended",,0,0,0,,
31,Nebraska,6/30/2021,Nebraska lifted state of emergency,,0,0,0,,
32,Nevada,3/16/2020,Nevada public schools closed,,1,0,0,,
32,Nevada,3/21/2020,Nevada ordered closed all non-essential businesses,,0,1,0,,
32,Nevada,4/1/2020,Nevada issued stay at home order,,0,0,1,,
32,Nevada,5/9/2020,Nevada ended stay at home order and reopened select businesses statewide,,0,0,0,,
32,Nevada,7/10/2020,"Nevada ordered reclosed select businesses on a regional basis (Washoe, Clark, Elko, Humboldt, Lander, Lyon, and Nye counties) ",,0,0,0,,
32,Nevada,7/27/2020,"Nevada reopened select businesses on a regional basis (Humboldt, Lander, and Lyon counties) ",,0,0,0,,
32,Nevada,9/16/2020,Nevada reopened select businesses on a regional basis (Washoe and Nye counties) ,,0,0,0,,
32,Nevada,11/24/2020,Nevada tightened capacity restrictions on select businesses statewide,,0,0,0,,
32,Nevada,2/15/2021,Nevada loosened business restrictions,,0,0,0,,
32,Nevada,6/1/2021,Nevada ended business capacity restrictions,,0,0,0,,
32,Nevada,11/30/2021,Nevada lessened gathering restrictions for children under age 12,,0,0,0,,
32,Nevada,5/19/2022,Nevada ended state of emergency,,0,0,0,,
33,New Hampshire,3/16/2020,New Hampshire public schools closed,,1,0,0,,
33,New Hampshire,3/27/2020,New Hampshire issued stay at home order,,0,0,1,,
33,New Hampshire,3/28/2020,New Hampshire ordered closed all non-essential businesses,,0,1,0,,
33,New Hampshire,5/11/2020,New Hampshire reopened select businesses statewide,,0,0,0,,
33,New Hampshire,6/15/2020,New Hampshire ended stay at home order statewide,,0,0,0,,
33,New Hampshire,7/1/2020,New Hampshire ended moratorium on evictions,,0,0,0,,
33,New Hampshire,3/15/2021,New Hampshire lifted capacity restrictions on select businesses,,0,0,0,,
33,New Hampshire,4/1/2021,New Hampshire required in-person education 5 days a week,,0,0,0,,
33,New Hampshire,5/7/2021,New Hampshire lifted all business restrictions from mandates to recommendations,,0,0,0,,
33,New Hampshire,6/11/2021,New Hampshire ended state of emergency,,0,0,0,,
33,New Hampshire,6/19/2021,"New Hampshire ended emergency unemployment benefits: The FPUC supplement, PEUC program, PUA program, and MEUC program ended",,0,0,0,,
33,New Hampshire,3/15/2022,New Hampshire closed all state-run testing sites,,0,0,0,,
34,New Jersey,3/18/2020,New Jersey public schools closed,,1,0,0,,
34,New Jersey,3/21/2020,New Jersey issued stay at home order and closed all non-essential businesses,,0,1,1,,
34,New Jersey,6/9/2020,New Jersey ended stay at home order statewide,,0,0,0,,
34,New Jersey,6/15/2020,New Jersey reopened select businesses statewide,,0,0,0,,
34,New Jersey,5/19/2021,New Jersey lifted most business capacity restrictions,,0,0,0,,
34,New Jersey,6/4/2021,New Jersey lifted statewide Public Health Emergency,,0,0,0,,
34,New Jersey,6/4/2021,New Jersey lifted all indoor capacity restrictions and ended public health emergency,,0,0,0,,
34,New Jersey,7/1/2021,New Jersey ended moratorium on utility shutoffs,,0,0,0,,
34,New Jersey,1/1/2022,New Jersey reinstated Public Health Emergency,,0,0,0,,
34,New Jersey,3/7/2022,New Jersey lifted Public Health Emergency,,0,0,0,,
35,New Mexico,3/11/2020,New Mexico declared public health emergency,,0,0,0,,
35,New Mexico,3/13/2020,New Mexico public schools closed,,1,0,0,,
35,New Mexico,3/16/2020,"New Mexico prohibited mass gatherings, reduced food service capacity to 50%, and closed casinos and horse racing facilities",,0,0,0,,
35,New Mexico,3/19/2020,"New Mexico reduced food service to take-out only, lodging to 50% capacity, and closed recreational businesses",,0,0,0,,
35,New Mexico,3/24/2020,New Mexico issued stay at home advisory and ordered closed all non-essential businesses,,0,1,1,,
35,New Mexico,3/27/2020,New Mexico ordered quarantining for incoming travelers ,,0,0,0,,
35,New Mexico,5/16/2020,New Mexico reopened select nonessential businesses,,0,0,0,,
35,New Mexico,5/31/2020,New Mexico ended stay at home order statewide,,0,0,0,,
35,New Mexico,6/1/2020,New Mexico reopened select businesses statewide,,0,0,0,,
35,New Mexico,8/28/2020,New Mexico lessened business restrictions ,,0,0,0,,
35,New Mexico,11/13/2020,New Mexico reclosed select businesses statewide and issued a stay at home advisory,,0,0,0,,
35,New Mexico,12/2/2020,New Mexico began a new reopening system with counties placed into a specified reopening tier based on health metrics,,0,0,0,,
35,New Mexico,12/11/2020,New Mexico announced temporary school closure after winter break,,0,0,0,,
35,New Mexico,1/6/2022,New Mexico reduced recommended quarantine and isolation guidelines,,0,0,0,,
36,New York,3/18/2020,New York public schools closed,0,1,0,0,0,0
36,New York,3/22/2020,New York issued stay at home order and closed all non-essential businesses,0,0,1,1,0,0
36,New York,5/15/2020,New York reopened select businesses on a regional basis (included 35 of 62 counties)  ,0,0,0,0,0,0
36,New York,5/28/2020,New York ended stay at home order statewide,0,0,0,0,0,0
36,New York,6/8/2020,New York reopened select businesses statewide,0,0,0,0,0,0
36,New York,10/8/2020,New York implemented a new strategy wherein new restrictions and/or business closures were instituted in county and sub-county areas in the state,0,0,0,0,0,0
36,New York,12/14/2020,New York ordered reclosed select businesses on a regional basis (New York City),0,0,0,0,0,0
36,New York,12/21/2020,New York reopened select businesses closed on 12/14/20,0,0,0,0,0,0
36,New York,4/2/2021,"New York reopened select businesses (events, arts, and entertainment venues) with limited capacity",0,0,0,0,0,0
36,New York,5/19/2021,New York ended most business capacity restrictions,0,0,0,0,0,0
36,New York,6/15/2021,New York lifted restrictions as 70% vaccination rate is achieved,0,0,0,0,0,0
36,New York,6/25/2021,New York lifted state of emergency,0,0,0,0,1,0
36,New York,10/5/2021,New York distributed $149 million in aid to older individuals and their families,0,0,0,0,0,0
37,North Carolina,3/10/2020,North Carolina declared state of emergency,,0,0,0,,
37,North Carolina,3/16/2020,North Carolina public schools closed,,1,0,0,,
37,North Carolina,3/23/2020,"North Carolina limited gatherings to 50 people, closes entertainment and personal care facilities",,0,0,0,,
37,North Carolina,3/30/2020,North Carolina issued stay at home order and closed all non-essential businesses,,0,1,1,,
37,North Carolina,4/10/2020,North Carolina strengthened social distancing requirements,,0,0,0,,
37,North Carolina,5/8/2020,North Carolina reopened select businesses statewide,,0,0,0,,
37,North Carolina,5/22/2020,North Carolina ended stay at home order statewide,,0,0,0,,
37,North Carolina,10/2/2020,"North Carolina eased restrictions on outdoor gatherings entertainment, and bars",,0,0,0,,
37,North Carolina,11/13/2020,North Carolina limited indoor gatherings to 10 people,,0,0,0,,
37,North Carolina,1/8/2021,North Carolina issued curfew from 10PM to 5AM,,0,0,0,,
37,North Carolina,2/2/2021,North Carolina allowed in-person instruction for all K-12 schools,,0,0,0,,
37,North Carolina,2/26/2021,North Carolina eased restrictions including indoor gatherings and nighttime curfew,,0,0,0,,
37,North Carolina,3/26/2021,North Carolina relaxed capacity restrictions for select businesses,,0,0,0,,
37,North Carolina,4/30/2021,North Carolina increased capacity for gatherings,,0,0,0,,
37,North Carolina,5/14/2021,"North Carolina lifted social distance requirements, gathering limits",,0,0,0,,
38,North Dakota,3/16/2020,North Dakota public schools closed,,1,0,0,,
38,North Dakota,3/28/2020,North Dakota closed select businesses,,0,0,0,,
38,North Dakota,3/31/2020,North Dakota suspended payment of unemployment taxes ,,0,0,0,,
38,North Dakota,4/8/2020,North Dakota instituted a 14-day quarantine order for those returning from international travel,,0,0,0,,
38,North Dakota,5/1/2020,North Dakota reopened select businesses statewide,,0,0,0,,
38,North Dakota,5/17/2020,North Dakota eased gathering and event recommendations as part of its reopening plan,,0,0,0,,
38,North Dakota,6/1/2020,North Dakota entered the next phase of its reopening plan featuring less strict recommendations,,0,0,0,,
38,North Dakota,9/21/2020,North Dakota lifted the 14-day quarantine order for those returning from international travel,,0,0,0,,
38,North Dakota,11/14/2020,North Dakota mandated decreased capacity in select businesses,,0,0,0,,
38,North Dakota,1/29/2021,"North Dakota adjusted the statewide risk level downward, permitting increased capacity at select businesses",,0,0,0,,
38,North Dakota,6/19/2021,"North Dakota ends emergency employment benefits: The FPUC supplement, PEUC program, PUA program, and MEUC program ended",,0,0,0,,
39,Ohio,3/17/2020,Ohio public schools closed,,1,0,0,,
39,Ohio,3/23/2020,Ohio issued stay at home order and closed all non-essential businesses,,0,1,1,,
39,Ohio,5/4/2020,Ohio reopened select businesses statewide,,0,0,0,,
39,Ohio,5/29/2020,Ohio ended stay at home order statewide,,0,0,0,,
39,Ohio,6/8/2020,Ohio reopened amusement venues,,0,0,0,,
39,Ohio,11/17/2020,Ohio increased restrictions on mass gatherings,,0,0,0,,
39,Ohio,12/7/2020,Ohio expanded curfew from 10pm to 5am,,0,0,0,,
39,Ohio,1/28/2021,Ohio rolled back curfew from 10pm to 11pm,,0,0,0,,
39,Ohio,2/11/2021,Ohio lifted restrictions on restaurants,,0,0,0,,
39,Ohio,3/2/2021,Ohio expanded capacity restrictions on events,,0,0,0,,
39,Ohio,4/5/2021,Ohio reduced capacity restrictions to only indoor events,,0,0,0,,
39,Ohio,6/18/2021,Ohio lifted state of emergency,,0,0,0,,
39,Ohio,6/26/2021,Ohio ends emergency employment benefits: The FPUC supplement and MEUC program ended,,0,0,0,,
40,Oklahoma,3/17/2020,Oklahoma public schools closed,,1,0,0,,
40,Oklahoma,3/24/2020,Oklahoma requested at-risk populations remain at home and prohibited gatherings of 10 or more people,,0,0,0,,
40,Oklahoma,4/1/2020,Oklahoma closed all non-essential businesses,,0,1,0,,
40,Oklahoma,4/24/2020,"Oklahoma reopened select businesses on a regional basis (excluded Oklahoma City, Norman, Tulsa, El Reno, Edmond, Moore, Weatherford, and Guthrie)",,0,0,0,,
40,Oklahoma,5/1/2020,Oklahoma reopened select businesses statewide,,0,0,0,,
40,Oklahoma,5/14/2020,Oklahoma further loosened restrictions and recommendations on business and travel,,0,0,0,,
40,Oklahoma,11/16/2020,"Oklahoma instituted curfew for bars and restaurants, social distancing measures in restaurants",,0,0,0,,
40,Oklahoma,12/14/2020,Oklahoma instituted further restrictions on public gatherings and restaurant health safety,,0,0,0,,
40,Oklahoma,1/14/2021,Oklahoma removed nighttime curfew for bars and restaurants,,0,0,0,,
40,Oklahoma,5/4/2021,Oklahoma ends state of emergency,,0,0,0,,
40,Oklahoma,6/26/2021,"Oklahoma ends emergency employment benefits: The FPUC supplement, PEUC program, PUA program, and MEUC program ended",,0,0,0,,
41,Oregon,3/16/2020,Oregon public schools closed,,1,0,0,,
41,Oregon,3/23/2020,Oregon issued stay at home order,,0,0,1,,
41,Oregon,5/15/2020,"Oregon ended stay at home order on a regional basis (excluded Marion, Polk, Washington, Multnomah, and Clackamas counties) and reopened select businesses",,0,0,0,,
41,Oregon,7/24/2020,"Oregon issued mask mandate, reduced capacity for venues, and added curfew for some businesses",,0,0,0,,
41,Oregon,7/31/2020,Oregon ordered reclosed select businesses on a regional basis (Umatilla and Morrow counties),,0,0,0,,
41,Oregon,8/20/2020,Oregon reopened select businesses on a regional basis (Umatilla county),,0,0,0,,
41,Oregon,9/18/2020,Oregon reopened select businesses on a regional basis (Morrow county),,0,0,0,,
41,Oregon,11/18/2020,"Oregon ordered reclosed select businesses statewide, implemented two week freeze",,0,0,0,,
41,Oregon,12/3/2020,Oregon entered a new reopening system wherein each county was placed into a specified reopening tier with health metrics used to determine movement to more- or less-restrictive tiers,,0,0,0,,
41,Oregon,2/12/2021,"9 OR counties (Clackamas, Clatsop, Columbia, Deschutes, Hood River, Klamath, Linn, Multnomah, Washington) move from extreme- to high-risk tier",,0,0,0,,
41,Oregon,4/1/2022,Oregon lifted state of emergency ,,0,0,0,,
42,Pennsylvania,3/16/2020,Pennsylvania public schools closed,,1,0,0,,
42,Pennsylvania,3/23/2020,Pennsylvania closed all non-essential businesses,,0,1,0,,
42,Pennsylvania,3/23/2020,Pennsylvania issued stay at home order for select counties,,0,0,0,,
42,Pennsylvania,4/1/2020,Pennsylvania extended stay at home order to the entire commonwealth,,0,0,1,,
42,Pennsylvania,5/7/2020,Pennsylvania prohibits foreclosures and evictions through July 10,,0,0,0,,
42,Pennsylvania,5/8/2020,Pennsylvania begins reopening select businesses on a regional basis ,,0,0,0,,
42,Pennsylvania,6/4/2020,Pennsylvania ended stay at home order and reopened select businesses statewide,,0,0,0,,
42,Pennsylvania,9/21/2020,Pennsylvania eased capacity restrictions on businesses,,0,0,0,,
42,Pennsylvania,12/12/2020,Pennsylvania ordered reclosed select businesses statewide,,0,0,0,,
42,Pennsylvania,1/4/2021,Pennsylvania reopened select businesses closed on 12/12,,0,0,0,,
42,Pennsylvania,4/4/2021,"Pennsylvania eased restrictions on capacity, events, gatherings, and alcohol consumption",,0,0,0,,
42,Pennsylvania,5/17/2021,Pennsylvania loosened all business capacity restrictions,,0,0,0,,
42,Pennsylvania,5/31/2021,Pennsylvania ended all business capacity restrictions,,0,0,0,,
42,Pennsylvania,6/10/2021,Pennsylvania lifted state of emergency,,0,0,0,,
44,Rhode Island,3/16/2020,Rhode Island public schools closed,,1,0,0,,
44,Rhode Island,3/16/2020,"Rhode Island prohibited on-site food and drink consumption, gatherings of more than 25 people",,0,0,0,,
44,Rhode Island,3/23/2020,"Rhode Island closes select businesses, prohibits gatherings of more than 10 people, and institutes remote work and learning",,0,0,0,,
44,Rhode Island,3/24/2020,Rhode Island instituted 14-day quarantine for domestic air travel,,0,0,0,,
44,Rhode Island,3/28/2020,Rhode Island issued stay at home order,,0,0,1,,
44,Rhode Island,4/27/2020,Rhode Island unveiled reopening framework using three phases.,,0,0,0,,
44,Rhode Island,5/9/2020,"Rhode Island ended stay at home order statewide, but remote work is still strongly encouraged",,0,0,0,,
44,Rhode Island,5/9/2020,Rhode Island reopened select businesses statewide,,0,0,0,,
44,Rhode Island,6/1/2020,"Rhode Island further relaxed capacity constraints on businesses, gatherings, and travel in Phase II of its reopening",,0,0,0,,
44,Rhode Island,6/29/2020,"Rhode Island further relaxed capacity constraints on businesses, gatherings, and travel in Phase III of its reopening",,0,0,0,,
44,Rhode Island,11/5/2020,"Rhode Island advised staying at home but further relaxed capacity constraints on businesses, gatherings, and travel ",,0,0,0,,
44,Rhode Island,11/30/2020,"Rhode Island ordered reclosed select businesses statewide, pausing gatherings and other social interactions",,0,0,0,,
44,Rhode Island,2/2/2021,"Rhode Island reopened select businesses statewide, allowing for small gatherings consistent with rules before the 11/30 pause",,0,0,0,,
44,Rhode Island,2/8/2021,Rhode Island permitted 33% of workers on site and the opening of sports facilities,,0,0,0,,
44,Rhode Island,5/21/2021,Rhode Island ended most business capacity restrictions,,0,0,0,,
45,South Carolina,3/16/2020,South Carolina public schools closed,,1,0,0,,
45,South Carolina,4/7/2020,South Carolina issued stay at home order,,0,0,1,,
45,South Carolina,4/21/2020,South Carolina reopened select businesses statewide,,0,0,0,,
45,South Carolina,5/4/2020,South Carolina ended stay at home order statewide,,0,0,0,,
45,South Carolina,5/22/2020,South Carolina reopened 'non-essential' businesses ,,0,0,0,,
45,South Carolina,8/2/2020,South Carolina eased gathering and restaurant restrictions,,0,0,0,,
45,South Carolina,3/1/2021,South Carolina lifted limits on mass gatherings,,0,0,0,,
45,South Carolina,6/7/2021,South Carolina lifted state of emergency,,0,0,0,,
46,South Dakota,3/16/2020,South Dakota public schools closed,,1,0,0,,
46,South Dakota,3/25/2020,South Dakota restricted business capacities to 10 people or less,,0,0,0,,
46,South Dakota,4/29/2020,"South Dakota issued ""back to normal"" plan, process of reducing restrictions",,0,0,0,,
46,South Dakota,6/26/2021,"South Dakota ends emergency employment benefits: The FPUC supplement, PEUC program, and PUA program ended",,0,0,0,,
47,Tennessee,3/20/2020,Tennessee public schools closed,,1,0,0,,
47,Tennessee,3/22/2020,Tennessee prohibited gatherings of 10 or more people,,0,0,0,,
47,Tennessee,3/31/2020,Tennessee issued stay at home order,,0,0,1,,
47,Tennessee,4/1/2020,Tennessee ordered closed all non-essential businesses,,0,1,0,,
47,Tennessee,4/27/2020,Tennessee reopened select businesses on a regional basis (excluded Davidson and Shelby counties),,0,0,0,,
47,Tennessee,4/30/2020,Tennessee ended stay at home order on a regional basis (excluded Davidson and Shelby counties),,0,0,0,,
47,Tennessee,5/8/2020,Tennessee ended stay at home order and reopened select businesses statewide,,0,0,0,,
47,Tennessee,7/3/2020,Tennessee ordered reclosed select businesses on a regional basis (Davidson county) ,,0,0,0,,
47,Tennessee,8/17/2020,Tennessee reopened select businesses on a regional basis with capacity restrictions (Davidson county) ,,0,0,0,,
47,Tennessee,3/25/2021,Nashville eased capacity restrictions on businesses,,0,0,0,,
47,Tennessee,7/3/2021,"Tennessee ends emergency employment benefits: The FPUC supplement, PEUC program, PUA program, and MEUC program ended",,0,0,0,,
47,Tennessee,11/19/2021,Tennessee allowed state of emergency to expire,,0,0,0,,
47,Tennessee,12/20/2022,Tennessee further limited capacity of indoor public gatherings,,0,0,0,,
48,Texas,3/21/2020,Texas public schools closed,0,1,0,0,0,0
48,Texas,4/2/2020,Texas issued stay at home order,0,0,0,1,0,0
48,Texas,4/30/2020,Texas ended stay at home order statewide,0,0,0,0,0,0
48,Texas,5/1/2020,Texas reopened select businesses statewide,0,0,0,0,0,0
48,Texas,5/3/2020,Harris County issued new stay at home order,0,0,0,0,0,0
48,Texas,5/18/2020,Texas reopened more select businesses statewide,0,0,0,0,0,0
48,Texas,6/3/2020,Texas expanded capacity at all businesses,0,0,0,0,0,0
48,Texas,6/26/2020,Texas ordered reclosed select businesses statewide,0,0,0,0,0,0
48,Texas,9/21/2020,Texas expanded occupancy levels for selected businesses,0,0,0,0,0,0
48,Texas,10/14/2020,Texas reopened select businesses at reduced capacity,0,0,0,0,0,0
48,Texas,3/10/2021,"Texas lifted all public health restrictions on businesses, ended mask mandate",0,0,0,0,1,0
48,Texas,6/26/2021,"Texas ends emergency employment benefits: The FPUC supplement, PEUC program, PUA program, and MEUC program ended",0,0,0,0,0,0
49,Utah,3/6/2020,Utah declared a state of emergency,,0,0,0,,
49,Utah,3/16/2020,Utah public schools closed,,1,0,0,,
49,Utah,3/17/2020,Utah closed indoor dining and limited gatherings to 10 or fewer individuals,,0,0,0,,
49,Utah,5/1/2020,Utah reopened select businesses statewide,,0,0,0,,
49,Utah,5/16/2020,Utah moved much of the state into the low health risk status category,,0,0,0,,
49,Utah,3/21/2021,Utah mandated in-person schooling options for all K-12 schools,,0,0,0,,
49,Utah,5/4/2021,Utah lifted all business capacity restrictions,,0,0,0,,
49,Utah,6/26/2021,"Utah ends emergency employment benefits: The FPUC supplement, PEUC program, PUA program, and MEUC program ended",,0,0,0,,
49,Utah,3/31/2022,"Utah transitioned to a ""Steady State"" response ",,0,0,0,,
50,Vermont,3/18/2020,Vermont public schools closed,,1,0,0,,
50,Vermont,3/25/2020,Vermont issued stay at home order and closed all non-essential businesses,,0,1,1,,
50,Vermont,4/20/2020,Vermont entered Phase I of reopening and reopened select businesses statewide,,0,0,0,,
50,Vermont,4/24/2020,Vermont entered Phase II of reopening,,0,0,0,,
50,Vermont,5/4/2020,Vermont entered Phase III of reopening,,0,0,0,,
50,Vermont,5/7/2020,Vermont entered Phase V of reopening,,0,0,0,,
50,Vermont,5/18/2020,Vermont entered Phase VI of reopening,,0,0,0,,
50,Vermont,6/1/2020,Vermont allowed gatherings up to 25 people,,0,0,0,,
50,Vermont,6/17/2020,Vermont residents aged 65+ are no longer required to stay at home,,0,0,0,,
50,Vermont,6/25/2020,Vermont raised occupancy limits,,0,0,0,,
50,Vermont,11/14/2020,Vermont ordered reclosed select businesses statewide,,0,0,0,,
50,Vermont,3/24/2021,Vermont reopened select businesses,,0,0,0,,
50,Vermont,5/14/2021,"Vermont entered Step 3 of ""Vermont Forward"" plan, relaxing business capacity restrictions",,0,0,0,,
50,Vermont,5/30/2021,Vermont lifted all business curfews,,0,0,0,,
50,Vermont,6/16/2021,Vermont lifted state of emergency,,0,0,0,,
50,Vermont,11/21/2021,Vermont loosened testing requirements for Canadians crossing the border,,0,0,0,,
50,Vermont,4/1/2022,Vermont-Canada border removed testing requirements to cross,,0,0,0,,
51,Virginia,3/12/2020,Virginia declared state of emergency,,0,0,0,,
51,Virginia,3/15/2020,Virginia banned public gatherings of 100+ people,,0,0,0,,
51,Virginia,3/16/2020,Virginia public schools closed,,1,0,0,,
51,Virginia,3/24/2020,Virginia ordered closed all non-essential businesses,,0,1,0,,
51,Virginia,3/30/2020,Virginia issued stay at home order,,0,0,1,,
51,Virginia,4/3/2020,Virginia declared as a major disaster area,,0,0,0,,
51,Virginia,5/15/2020,"Virginia entered Phase One of reopening and reopened select businesses on a regional basis (excluding northern Virginia, Accomack County, and City of Richmond)",,0,0,0,,
51,Virginia,5/29/2020,"Virginia in Phase One of reopening statewide (including northern Virginia, Accomack County, and City of Richmond)",,0,0,0,,
51,Virginia,6/10/2020,Virginia entered Phase Two of reopening,,0,0,0,,
51,Virginia,7/1/2020,Virginia entered Phase Three of reopening,,0,0,0,,
51,Virginia,7/15/2020,Virginia created standard to address COVID in the workplace,,0,0,0,,
51,Virginia,8/10/2020,Virginia approved eviction moratorium,,0,0,0,,
51,Virginia,3/5/2021,Virginia loosened public health restrictions,,0,0,0,,
51,Virginia,5/28/2021,Virginia ended all capacity and social distancing restrictions,,0,0,0,,
51,Virginia,7/1/2021,Virginia lifted state of emergency ,,0,0,0,,
51,Virginia,3/22/2022,Virginia repealed its standard to address COVID in the workplace,,0,0,0,,
53,Washington,2/29/2020,Washington declared a state of emergency,,0,0,0,,
53,Washington,3/11/2020,Washington limited large events in select counties,,0,0,0,,
53,Washington,3/12/2020,"Washington closed all public and private K-12 schools in King, Snohomish, and Pierce counties",,0,0,0,,
53,Washington,3/13/2020,Washington banned in-person education at all public and private higher education ,,0,0,0,,
53,Washington,3/16/2020,"Washington ordered closed all indoor dining and entertainment/recreational facilities, and limited gathering size",,1,0,0,,
53,Washington,3/18/2020,Washington issued a statewide eviction moratorium,,0,0,0,,
53,Washington,3/22/2020,Washington declared a state major disaster,,0,0,0,,
53,Washington,3/23/2020,Washington issued stay at home order,,0,0,1,,
53,Washington,3/25/2020,Washington ordered closed all non-essential businesses,,0,1,0,,
53,Washington,5/11/2020,Washington reopened select businesses on a regional basis,,0,0,0,,
53,Washington,6/1/2020,Washington ended stay at home order statewide to enter a phased reopening on a county-by-county basis,,0,0,0,,
53,Washington,7/3/2020,Washington reopened select businesses statewide,,0,0,0,,
53,Washington,11/16/2020,Washington ordered reclosed select businesses,,0,0,0,,
53,Washington,1/11/2021,Washington entered a new reopening system which divides the state into 8 regions (all of which were still in Phase I) for which health metrics determine further business reopenings,,0,0,0,,
53,Washington,1/28/2021,Puget Sound Region and West Region (7 counties total) advanced to Phase 2 of reopening allowing indoor dining and expanding indoor recreation capacity,,0,0,0,,
53,Washington,2/15/2021,Washington admitted 5 more regions to Phase 2 of reopening allowing indoor dining and expanding indoor recreation capacity,,0,0,0,,
53,Washington,2/16/2021,Washington admitted the last of the 8 regions to Phase 2 of reopening allowing indoor dining and expanding indoor recreation capacity,,0,0,0,,
53,Washington,3/11/2021,Washington loosened restrictions for vaccinated individuals ,,0,0,0,,
53,Washington,3/22/2021,Washington entered Phase 3 of reopening and allowed live attendance at sporting events and increased capacity at select indoor spaces to 50%,,0,0,0,,
53,Washington,4/12/2021,"Washington moved Cowlitz, Pierce, and Whitman counties back to Phase 2 of reopening",,0,0,0,,
53,Washington,5/18/2021,Washington moved all counties to Phase 3 of reopening,,0,0,0,,
53,Washington,6/30/2021,"Washington fully reopened with the exception of indoor events involving 10,000+ people",,0,0,0,,
54,West Virginia,3/6/2020,West Virginia further loosened restrictions of business capacity and social gatherings statewide,,0,0,0,,
54,West Virginia,3/16/2020,West Virginia declared state of emergency,,0,0,0,,
54,West Virginia,3/16/2020,West Virginia public schools closed,,1,0,0,,
54,West Virginia,3/17/2020,West Virginia ordered closed all restaurants and bars,,0,0,0,,
54,West Virginia,3/18/2020,West Virginia ordered closed all gyms and recreation facilities,,0,0,0,,
54,West Virginia,3/19/2020,West Virginia ordered closed select personal care businesses,,0,0,0,,
54,West Virginia,3/24/2020,West Virginia issued stay at home order and closed all non-essential businesses,,0,1,1,,
54,West Virginia,4/30/2020,"West Virginia entered ""Week 1"" phase of reopening and reopened select businesses",,0,0,0,,
54,West Virginia,5/3/2020,West Virginia ended stay at home order statewide,,0,0,0,,
54,West Virginia,5/4/2020,"West Virginia entered ""Week 2"" phase of reopening and reopened select businesses statewide",,0,0,0,,
54,West Virginia,5/11/2020,"West Virginia entered ""Week 3"" phase of reopening and reopened select businesses statewide",,0,0,0,,
54,West Virginia,5/21/2020,"West Virginia entered ""Week 4"" phase of reopening and reopened select businesses statewide",,0,0,0,,
54,West Virginia,5/26/2020,"West Virginia entered ""Week 5"" phase of reopening and reopened select businesses statewide",,0,0,0,,
54,West Virginia,6/5/2020,"West Virginia entered ""Week 6"" phase of reopening and reopened select businesses statewide",,0,0,0,,
54,West Virginia,6/8/2020,"West Virginia entered ""Week 7"" phase of reopening and reopened select businesses statewide",,0,0,0,,
54,West Virginia,6/22/2020,"West Virginia entered ""Week 9"" phase of reopening and reopened select businesses statewide",,0,0,0,,
54,West Virginia,7/1/2020,"West Virginia entered ""Week 10"" phase of reopening and reopened select businesses statewide",,0,0,0,,
54,West Virginia,7/14/2020,"West Virginia reclosed ""Week 10"" phase businesses",,0,0,0,,
54,West Virginia,10/13/2020,West Virginia reopened select businesses on a regional basis (Monongalia county),,0,0,0,,
54,West Virginia,2/19/2021,West Virginia loosened restrictions of business capacity and social gatherings statewide,,0,0,0,,
54,West Virginia,6/19/2021,"West Virginia ends emergency employment benefits: The FPUC supplement, PEUC program, PUA program, and MEUC program ended",,0,0,0,,
55,Wisconsin,3/12/2020,Wisconsin declare public health emergency,,0,0,0,,
55,Wisconsin,3/16/2020,Wisconsin public schools closed,,1,0,0,,
55,Wisconsin,3/17/2020,Wisconsin prohibited gatherings of 10+ people,,0,0,0,,
55,Wisconsin,3/25/2020,Wisconsin issued stay at home order and closed all non-essential businesses,,0,1,1,,
55,Wisconsin,4/27/2020,Wisconsin reduced restrictions on specific businesses,,0,0,0,,
55,Wisconsin,5/13/2020,"Wisconsin ended stay at home order on a regional basis (excluded cities of Milwaukee and Racine and Brown, Dane, and Milwaukee counties) and reopened select businesses",,0,0,0,,
55,Wisconsin,5/26/2020,Wisconsin ended stay at home order statewide,,0,0,0,,
55,Wisconsin,10/8/2020,Wisconsin returned to gathering limits of 25 people,,0,0,0,,
55,Wisconsin,11/10/2020,Wisconsin issued a stay at home advisory,,0,0,0,,
55,Wisconsin,3/31/2021,Wisconsin ended state of emergency,,0,0,0,,
56,Wyoming,3/20/2020,Wyoming ordered closed public spaces and prohibited gatherings of more than 10 people,,0,0,0,,
56,Wyoming,3/20/2020,Wyoming public schools closed,,1,0,0,,
56,Wyoming,3/25/2020,Wyoming ordered closed nonessential personal services,,0,0,0,,
56,Wyoming,5/1/2020,Wyoming stopped shelter in place,,0,0,0,,
56,Wyoming,5/1/2020,Wyoming reopened select businesses on a regional basis (excluded Teton county),,0,0,0,,
56,Wyoming,5/15/2020,Wyoming reopened indoor dining and select businesses,,0,0,0,,
56,Wyoming,6/1/2020,Wyoming allowed outdoor gatherings up to 250 people and loosened restaurant restrictions,,0,0,0,,
56,Wyoming,7/1/2020,"Wyoming permitted in-person child care, K-12, and higher education",,0,0,0,,
56,Wyoming,2/25/2021,Wyoming loosened restrictions on gatherings and businesses,,0,0,0,,
56,Wyoming,3/15/2021,"Wyoming eliminated restrictions on restaurants and other locations, and gathering capacity",,0,0,0,,
56,Wyoming,6/19/2021,"Wyoming ended emergency employment benefits: The FPUC supplement, PEUC program, PUA program, and MEUC program ended",,0,0,0,,
56,Wyoming,3/14/2022,Wyoming rescinded declaration of COVID-19 public health emergency,,0,0,0,,
100,National,1/20/2020,First US Covid case,1,0,0,0,0,0
100,National,3/13/2020,National Emergency Declared,0,0,0,0,0,0
100,National,3/27/2020,CARES Act Enacted,0,0,0,0,0,0
100,National,4/15/2020,First Stimulus Payments Start,0,0,0,0,0,0
100,National,1/3/2021,Second Stimulus Payments Start,0,0,0,0,0,0
100,National,3/17/2021,Third Stimulus Payments Start,0,0,0,0,0,0
100,National,7/15/2021,Advance Child Tax Credit Payments Start,0,0,0,0,0,0
100,National,9/6/2021,Federal Pandemic Unemployment Benefits End,0,0,0,0,0,0
,,,,0,0,0,0,0,0
